round,test_loss,test_accuracy,client_accuracy_std,client_accuracy_variance,communication_cost_mb,avg_latency_ms,dataset,partition,algorithm
1,3.5006847232818603,0.1,0.0619727202529916,0.003840618055555556,15.379180908203125,172.98686984655768,fashion,label_skew,fedprox
2,2.3224716793060303,0.3315,0.056491149749319146,0.0031912500000000005,15.379180908203125,146.4091635049224,fashion,label_skew,fedprox
3,3.2767263946533203,0.1342,0.05139471438452272,0.002641416666666667,15.379180908203125,179.52103923843657,fashion,label_skew,fedprox
4,2.198046699142456,0.4005,0.05608624311421354,0.003145666666666666,15.379180908203125,178.59874229812561,fashion,label_skew,fedprox
5,3.12940834274292,0.2541,0.051626597365655974,0.0026653055555555566,15.379180908203125,132.74217582084293,fashion,label_skew,fedprox
