round,test_loss,test_accuracy,client_accuracy_std,client_accuracy_variance,communication_cost_mb,avg_latency_ms,dataset,partition,algorithm
1,0.8747503500938415,0.6599,0.00924776249214429,8.552111111111077e-05,15.379180908203125,160.04987382847125,fashion,iid,fedavg
2,0.4928203515529633,0.8205,0.014111352797580306,0.00019913027777777753,15.379180908203125,120.47883417871313,fashion,iid,fedavg
3,0.43935362906455994,0.8428,0.00793382351426825,6.294555555555582e-05,15.379180908203125,145.59062990333763,fashion,iid,fedavg
4,0.4052875124454498,0.8543,0.005804213029247724,3.368888888888904e-05,15.379180908203125,152.74721506192756,fashion,iid,fedavg
5,0.3860107476711273,0.862,0.008650128451197827,7.482472222222212e-05,15.379180908203125,196.00056106664044,fashion,iid,fedavg
