round,test_loss,test_accuracy,client_accuracy_std,client_accuracy_variance,communication_cost_mb,avg_latency_ms,dataset,partition,algorithm
1,0.6733049132347106,0.7601,0.008399553559564924,7.05524999999998e-05,15.379180908203125,188.42809015116762,fashion,iid,fednova
2,0.47602371492385864,0.8267,0.010106117509266906,0.00010213361111111113,15.379180908203125,162.05712272931763,fashion,iid,fednova
3,0.417633620262146,0.8541,0.011297357114731631,0.0001276302777777774,15.379180908203125,197.91506573884658,fashion,iid,fednova
4,0.38940637135505674,0.8622,0.00860079130726419,7.397361111111125e-05,15.379180908203125,170.41699007005522,fashion,iid,fednova
5,0.37056209230422976,0.8697,0.0055518015094201635,3.0822500000000005e-05,15.379180908203125,182.4190515935199,fashion,iid,fednova
