round,test_loss,test_accuracy,client_accuracy_std,client_accuracy_variance,communication_cost_mb,avg_latency_ms,dataset,partition,algorithm
1,0.5378327139377594,0.8115,0.17657258303299517,0.031177877078943973,15.379180908203125,164.31822891496728,fashion,quantity_skew,fedprox
2,0.41283248138427736,0.8539,0.0511349878921977,0.0026147869867352053,15.379180908203125,141.2156509303793,fashion,quantity_skew,fedprox
3,0.3791445731163025,0.8659,0.043717242161758756,0.0019111972622298575,15.379180908203125,183.7367527693125,fashion,quantity_skew,fedprox
4,0.34834205646514893,0.8762,0.03656474111753607,0.001336980292992433,15.379180908203125,157.9854776489969,fashion,quantity_skew,fedprox
5,0.34430827412605286,0.8748,0.03691478960043772,0.0013627016912445848,15.379180908203125,170.75792755589788,fashion,quantity_skew,fedprox
