round,test_loss,test_accuracy,client_accuracy_std,client_accuracy_variance,communication_cost_mb,avg_latency_ms,dataset,partition,algorithm
1,3.9886445182800294,0.1,0.05389444415810511,0.0029046111111111104,15.379180908203125,130.8135152324753,fashion,label_skew,fedavg
2,2.388491466522217,0.3476,0.05066152660330891,0.002566590277777776,15.379180908203125,176.32154646842713,fashion,label_skew,fedavg
3,3.2396226848602296,0.1963,0.05655528268871086,0.003198499999999998,15.379180908203125,173.53412983236746,fashion,label_skew,fedavg
4,2.29040684299469,0.3699,0.05453693957106301,0.002974277777777778,15.379180908203125,148.8620179651188,fashion,label_skew,fedavg
5,3.0476712799072265,0.2807,0.05417410205377965,0.0029348333333333323,15.379180908203125,163.31799198646547,fashion,label_skew,fedavg
