round,test_loss,test_accuracy,client_accuracy_std,client_accuracy_variance,communication_cost_mb,avg_latency_ms,dataset,partition,algorithm
1,0.5953991839885712,0.7706,0.1400247799487223,0.019606938999688107,15.379180908203125,140.29391347412206,fashion,quantity_skew,fedavg
2,0.40245909395217894,0.8591,0.052435352539721154,0.0027494661959648415,15.379180908203125,155.43144955417912,fashion,quantity_skew,fedavg
3,0.3640841556072235,0.8703,0.040809682852647536,0.0016654302145336745,15.379180908203125,102.94333476051342,fashion,quantity_skew,fedavg
4,0.3497985203266144,0.8779,0.036573941546607994,0.001337653200254698,15.379180908203125,161.67778082733562,fashion,quantity_skew,fedavg
5,0.3249071768760681,0.8815,0.034277795384686456,0.0011749672564344321,15.379180908203125,128.79071835025533,fashion,quantity_skew,fedavg
