round,test_loss,test_accuracy,client_accuracy_std,client_accuracy_variance,communication_cost_mb,avg_latency_ms,dataset,partition,algorithm
1,0.5771697867870331,0.8049,0.01038166118156864,0.00010777888888888917,15.379180908203125,149.60607068357172,fashion,iid,fedprox
2,0.45305056710243224,0.8402,0.008625688378326678,7.440249999999992e-05,15.379180908203125,155.93447613402716,fashion,iid,fedprox
3,0.4123610170841217,0.8538,0.007488899192211842,5.608361111111118e-05,15.379180908203125,154.89377555794036,fashion,iid,fedprox
4,0.3894787872314453,0.8637,0.007098826194050194,5.039333333333317e-05,15.379180908203125,168.0263794038174,fashion,iid,fedprox
5,0.3698431857585907,0.87,0.005552001641050012,3.0824722222222024e-05,15.379180908203125,181.8836862376295,fashion,iid,fedprox
