round,test_loss,test_accuracy,client_accuracy_std,client_accuracy_variance,communication_cost_mb,avg_latency_ms,dataset,partition,algorithm
1,0.5756154479026795,0.7836,0.16676947562449487,0.02781205800006899,15.379180908203125,157.06368916192963,fashion,quantity_skew,fednova
2,0.46093399853706357,0.8305,0.05382316684150564,0.0028969332888485527,15.379180908203125,169.4451892360165,fashion,quantity_skew,fednova
3,0.4072985859394074,0.857,0.03974618849281192,0.0015797594997061346,15.379180908203125,186.457139013466,fashion,quantity_skew,fednova
4,0.3960036194801331,0.8549,0.03546925185803713,0.0012580678273688703,15.379180908203125,176.56993079744362,fashion,quantity_skew,fednova
5,0.38859331464767455,0.8638,0.031234486494572358,0.0009755931465796231,15.379180908203125,203.16104117122967,fashion,quantity_skew,fednova
