round,test_loss,test_accuracy,client_accuracy_std,client_accuracy_variance,communication_cost_mb,avg_latency_ms,dataset,partition,algorithm
1,3.5069431701660156,0.1,0.07291261893527072,0.005316249999999999,15.379180908203125,112.79283989884448,fashion,label_skew,fednova
2,2.433520347595215,0.28,0.06754936466515926,0.004562916666666667,15.379180908203125,171.44625673365175,fashion,label_skew,fednova
3,3.148368480682373,0.1654,0.05846865256984579,0.003418583333333335,15.379180908203125,185.7922430611215,fashion,label_skew,fednova
4,2.500710069656372,0.3159,0.07512748424437551,0.00564413888888889,15.379180908203125,153.0975513052052,fashion,label_skew,fednova
5,3.2102157852172852,0.2566,0.0514207183708841,0.0026440902777777773,15.379180908203125,145.11016906738215,fashion,label_skew,fednova
