round,test_loss,test_accuracy,client_accuracy_std,client_accuracy_variance,communication_cost_mb,avg_latency_ms,dataset,partition,algorithm
1,0.9569906723632786,0.7631489650492026,0.03463152414399621,0.0011993424645361922,6.147918701171875,209.39448441146547,har,iid,fedprox
2,0.5258597787817252,0.8547675602307431,0.035496479181095664,0.001260000034253958,6.147918701171875,137.72173907542953,har,iid,fedprox
3,0.38107318335320534,0.8700373260943333,0.025250885742406918,0.0006376072307760889,6.147918701171875,132.2633440866546,har,iid,fedprox
4,0.2978746925405134,0.8995588734306074,0.016000445527652975,0.0002560142570833901,6.147918701171875,167.315617430427,har,iid,fedprox
5,0.25585789356063415,0.9172039362063115,0.019789027695185642,0.0003916056171208244,6.147918701171875,163.27547815178656,har,iid,fedprox
